target,lddt_before,lddt_after,lddt_delta,bb_lddt_before,bb_lddt_after,bb_lddt_delta,dockq_ave_full_before,dockq_ave_full_after,dockq_ave_full_delta
8CEG,0.84,0.84,0.0,0.891,0.891,0.0,0.864,0.864,0.0
8EVM,0.788,0.788,0.0,0.875,0.875,0.0,0.661,0.662,0.0010000000000000009
8F9Q,0.9,0.9,0.0,0.945,0.945,0.0,,,
8GMH,0.945,0.945,0.0,0.981,0.981,0.0,0.86,0.861,0.0010000000000000009
8HSB,0.781,0.781,0.0,0.843,0.843,0.0,0.722,0.722,0.0
8HW7,0.938,0.938,0.0,0.971,0.971,0.0,,,
8IFU,0.718,0.717,-0.0010000000000000009,0.8,0.8,0.0,0.517,0.517,0.0
8IRQ,0.874,0.874,0.0,0.941,0.941,0.0,,,
8IVH,0.898,0.898,0.0,0.94,0.94,0.0,0.854,0.854,0.0
8IWD,0.936,0.936,0.0,0.973,0.973,0.0,,,
8J5H,0.866,0.866,0.0,0.916,0.916,0.0,0.888,0.887,-0.0010000000000000009
8JBI,0.571,0.571,0.0,0.614,0.614,0.0,0.014,0.014,0.0
8JD7,0.866,0.867,0.0010000000000000009,0.912,0.911,-0.0010000000000000009,0.002,0.002,0.0
8JFO,0.748,0.748,0.0,0.819,0.818,-0.0010000000000000009,0.114,0.114,0.0
8JX4,0.916,0.916,0.0,0.973,0.973,0.0,,,
8JZ5,0.859,0.861,0.0020000000000000018,0.916,0.915,-0.0010000000000000009,,,
8K11,0.808,0.807,-0.0010000000000000009,0.885,0.884,-0.0010000000000000009,0.657,0.656,-0.0010000000000000009
8K2M,0.932,0.932,0.0,0.966,0.966,0.0,,,
8K5U,0.9,0.9,0.0,0.954,0.954,0.0,,,
8K69,0.87,0.87,0.0,0.928,0.928,0.0,0.618,0.618,0.0
8K74,0.932,0.931,-0.0010000000000000009,0.974,0.974,0.0,0.95,0.95,0.0
8KA6,0.718,0.735,0.017000000000000015,0.797,0.797,0.0,0.033,0.033,0.0
8KBM,0.893,0.893,0.0,0.931,0.931,0.0,0.84,0.84,0.0
8KC4,0.858,0.857,-0.0010000000000000009,0.909,0.909,0.0,,,
8KGS,0.885,0.885,0.0,0.935,0.935,0.0,0.82,0.82,0.0
8KGW,0.786,0.785,-0.0010000000000000009,0.84,0.839,-0.0010000000000000009,,,
8ONW,0.871,0.871,0.0,0.946,0.946,0.0,0.702,0.702,0.0
8OXR,0.878,0.878,0.0,0.955,0.954,-0.0010000000000000009,,,
8PAQ,0.918,0.917,-0.0010000000000000009,0.952,0.951,-0.0010000000000000009,,,
8PB4,0.849,0.849,0.0,0.9,0.9,0.0,,,
8PO5,0.919,0.919,0.0,0.969,0.969,0.0,0.938,0.938,0.0
8PQP,0.835,0.835,0.0,0.886,0.886,0.0,0.016,0.016,0.0
8PS7,0.795,0.798,0.0030000000000000027,0.852,0.856,0.0040000000000000036,,,
8PU3,0.869,0.869,0.0,0.932,0.932,0.0,0.86,0.86,0.0
8PUZ,0.818,0.818,0.0,0.929,0.929,0.0,0.246,0.246,0.0
8PVS,0.933,0.932,-0.0010000000000000009,0.974,0.973,-0.0010000000000000009,,,
8PXU,0.925,0.922,-0.0030000000000000027,0.964,0.964,0.0,,,
8Q1V,0.785,0.785,0.0,0.827,0.828,0.0010000000000000009,,,
8Q2A,0.891,0.891,0.0,0.929,0.929,0.0,0.016,0.016,0.0
8QJP,0.925,0.926,0.0010000000000000009,0.967,0.967,0.0,,,
8QLE,0.882,0.882,0.0,0.941,0.941,0.0,,,
8QT6,0.887,0.887,0.0,0.943,0.943,0.0,,,
8QTR,0.839,0.839,0.0,0.919,0.919,0.0,0.42,0.421,0.0010000000000000009
8QX6,0.905,0.904,-0.0010000000000000009,0.961,0.961,0.0,,,
8QZU,0.929,0.929,0.0,0.979,0.979,0.0,,,
8R5S,0.934,0.934,0.0,0.982,0.982,0.0,0.954,0.954,0.0
8RD2,0.719,0.716,-0.0030000000000000027,0.808,0.809,0.0010000000000000009,,,
8RK9,0.402,0.402,0.0,0.463,0.463,0.0,0.077,0.077,0.0
8RWW,0.919,0.919,0.0,0.973,0.973,0.0,0.907,0.907,0.0
8S86,0.85,0.85,0.0,0.915,0.915,0.0,0.751,0.751,0.0
8S89,0.905,0.905,0.0,0.953,0.953,0.0,,,
8SM7,0.917,0.917,0.0,0.96,0.96,0.0,0.904,0.904,0.0
8SP2,0.877,0.877,0.0,0.936,0.937,0.0010000000000000009,0.84,0.84,0.0
8SV7,0.931,0.931,0.0,0.972,0.972,0.0,,,
8T2J,0.837,0.837,0.0,0.888,0.888,0.0,,,
8T87,0.616,0.615,-0.0010000000000000009,0.674,0.674,0.0,0.013,0.013,0.0
8TCS,0.93,0.93,0.0,0.972,0.971,-0.0010000000000000009,0.922,0.922,0.0
8TDH,0.914,0.914,0.0,0.952,0.952,0.0,0.672,0.673,0.0010000000000000009
8TDI,0.905,0.905,0.0,0.954,0.954,0.0,0.692,0.692,0.0
8TL8,0.379,0.417,0.03799999999999998,0.436,0.472,0.035999999999999976,0.008,0.021,0.013000000000000001
8TNC,0.769,0.77,0.0010000000000000009,0.844,0.846,0.0020000000000000018,0.02,0.02,0.0
8TQN,0.907,0.907,0.0,0.956,0.956,0.0,,,
8U0I,0.9,0.9,0.0,0.961,0.961,0.0,,,
8U7B,0.879,0.879,0.0,0.937,0.937,0.0,0.789,0.789,0.0
8UAG,0.881,0.881,0.0,0.932,0.932,0.0,,,
8UDS,0.883,0.883,0.0,0.936,0.936,0.0,,,
8UMC,0.88,0.88,0.0,0.951,0.951,0.0,0.865,0.865,0.0
8VR3,0.926,0.926,0.0,0.972,0.972,0.0,0.823,0.823,0.0
8W97,0.831,0.831,0.0,0.913,0.914,0.0010000000000000009,,,
8WAC,0.928,0.928,0.0,0.97,0.97,0.0,,,
8WAI,0.894,0.895,0.0010000000000000009,0.933,0.932,-0.0010000000000000009,0.774,0.773,-0.0010000000000000009
8WQ8,0.73,0.68,-0.04999999999999993,0.785,0.725,-0.06000000000000005,0.011,0.011,0.0
8WTH,0.879,0.877,-0.0020000000000000018,0.947,0.948,0.0010000000000000009,,,
8WX1,0.782,0.782,0.0,0.841,0.841,0.0,,,
8WY1,0.884,0.884,0.0,0.951,0.95,-0.0010000000000000009,,,
8X3E,0.873,0.873,0.0,0.932,0.932,0.0,,,
8X6E,0.814,0.814,0.0,0.867,0.866,-0.0010000000000000009,,,
8X8K,0.898,0.898,0.0,0.944,0.944,0.0,,,
8XHS,0.78,0.78,0.0,0.843,0.843,0.0,,,
8XLZ,0.763,0.763,0.0,0.824,0.824,0.0,0.026,0.026,0.0
8XTE,0.9,0.899,-0.0010000000000000009,0.948,0.948,0.0,0.892,0.892,0.0
8XUA,0.872,0.871,-0.0010000000000000009,0.926,0.926,0.0,0.677,0.676,-0.0010000000000000009
8Y9K,0.498,0.494,-0.0040000000000000036,0.539,0.544,0.0050000000000000044,0.03,0.016,-0.013999999999999999
8YA8,0.923,0.923,0.0,0.977,0.977,0.0,,,
8YCM,0.888,0.888,0.0,0.939,0.939,0.0,,,
8Z1E,0.806,0.809,0.0030000000000000027,0.867,0.868,0.0010000000000000009,0.798,0.798,0.0
8Z2M,0.817,0.817,0.0,0.87,0.869,-0.0010000000000000009,0.007,0.007,0.0
8Z4S,0.92,0.92,0.0,0.971,0.971,0.0,,,
8ZAD,0.909,0.905,-0.0040000000000000036,0.946,0.944,-0.0020000000000000018,0.864,0.839,-0.025000000000000022
8ZB5,0.889,0.889,0.0,0.927,0.927,0.0,0.881,0.881,0.0
8ZJB,0.861,0.861,0.0,0.922,0.922,0.0,,,
8ZQQ,0.814,0.812,-0.0019999999999998908,0.86,0.858,-0.0020000000000000018,,,
8ZVG,0.856,0.856,0.0,0.91,0.91,0.0,0.883,0.883,0.0
9AXB,0.896,0.895,-0.0010000000000000009,0.967,0.968,0.0010000000000000009,,,
9B06,0.925,0.924,-0.0010000000000000009,0.976,0.976,0.0,,,
9B1I,0.804,0.804,0.0,0.851,0.851,0.0,,,
9B1U,0.851,0.851,0.0,0.896,0.896,0.0,,,
9B4G,0.796,0.796,0.0,0.868,0.868,0.0,0.797,0.797,0.0
9BCE,0.846,0.83,-0.016000000000000014,0.902,0.895,-0.007000000000000006,0.793,0.692,-0.10100000000000009
9CBS,0.763,0.763,0.0,0.809,0.809,0.0,,,
9CP8,0.943,0.943,0.0,0.982,0.982,0.0,0.946,0.946,0.0
9CX4,0.771,0.771,0.0,0.836,0.836,0.0,,,
9DRZ,0.891,0.891,0.0,0.935,0.935,0.0,,,
9EMU,0.907,0.906,-0.0010000000000000009,0.956,0.955,-0.0010000000000000009,0.844,0.843,-0.0010000000000000009
9ENI,0.891,0.892,0.0010000000000000009,0.937,0.937,0.0,0.86,0.865,0.0050000000000000044
9ETN,0.93,0.929,-0.0010000000000000009,0.972,0.972,0.0,,,
9EVQ,0.812,0.812,0.0,0.874,0.874,0.0,,,
9EXZ,0.89,0.89,0.0,0.953,0.954,0.0010000000000000009,,,
9F2C,0.817,0.817,0.0,0.882,0.882,0.0,0.32,0.32,0.0
9FM7,0.895,0.894,-0.0010000000000000009,0.946,0.945,-0.0010000000000000009,0.827,0.827,0.0
9FOW,0.825,0.826,0.0010000000000000009,0.904,0.905,0.0010000000000000009,,,
9FXQ,0.899,0.899,0.0,0.951,0.951,0.0,,,
9GFZ,0.813,0.813,0.0,0.871,0.871,0.0,,,
9JQF,0.907,0.907,0.0,0.95,0.95,0.0,,,
9K1G,0.875,0.875,0.0,0.929,0.929,0.0,,,
9K7M,0.924,0.924,0.0,0.968,0.968,0.0,,,
